name,id,lat,lon,population,number,score,parent_country,success,is_altername
North,0000217751,33.61571,-81.10204,742,12.0,1.0,USA,True,False
South Carolina,0000212864,33.836081,-81.1637245,5118425,1.0,1.0,USA,True,False
Tennessee,0000213316,35.5174913,-86.5804473,6910840,2.0,1.0,USA,True,False
Kentucky,0000203439,37.8393332,-84.2700179,4505836,3.0,1.0,USA,True,False
North Carolina,0000209473,35.7595731,-79.0192997,10439388,13.0,1.0,USA,True,False
Washington,0000215793,47.7510741,-120.7401385,1000000,8.0,0.10478800580364345,USA,True,False
Denver,0000199328,39.73915,-104.9847,715522,10.0,0.2702702702702703,USA,True,False
Skyland Estates,0000217964,38.92317,-78.08222,830,14.0,1.0,USA,True,False
Fort Lauderdale,0000200020,26.12231,-80.14338,182760,14.0,1.0,USA,True,False
Broward County,0000199872,26.15186,-80.45589,1944375,3.0,1.0,USA,True,False
Hollywood,0000198549,34.09834,-118.32674,167664,15.0,0.35714285714285715,USA,True,False
Florida,0000199794,27.6648274,-81.5157535,1000000,8.0,0.5628344237673027,USA,True,False
Miami Beach,0000200259,25.79065,-80.13005,92312,13.0,1.0,USA,True,False
Dania Beach,0000199955,26.05231,-80.14393,31446,16.0,1.0,USA,True,False
Lauderhill,0000200200,26.14036,-80.21338,71579,17.0,1.0,USA,True,False
Macon,0000200949,32.84069,-83.6324,2616,8.0,0.29154518950437314,USA,True,False
Madison,0000197357,34.69926,-86.74833,503,6.0,0.06134969325153373,USA,True,False
Transylvania County,0000209960,35.20215,-82.7983,32986,9.0,1.0,USA,True,False
Jackson,0000197326,31.50905,-87.89444,10523,7.0,0.0689655172413793,USA,True,False
Unicoi,0000213673,36.19539,-82.34958,3561,,,USA,True,False
Somerset,0000195045,51.105097,-2.9262307,1000000,,,GBR,True,False
Wiltshire,0000195379,51.3491996,-1.9927105,1000000,,,GBR,True,False
Bristol,0000191756,51.45523,-2.59665,567111,,,GBR,True,False
Bath,0000191529,51.3751,-2.36172,94782,,,GBR,True,False
Keynsham,0000192838,51.41387,-2.4978,15641,,,GBR,True,False
Huron,0000198559,36.20273,-120.10292,6836,1.0,0.35714285714285715,USA,True,False
Dallas County,0000197232,32.32597,-87.10648,0,,,USA,True,False
Navajo,0000208351,35.90001,-109.03398,2087,,,USA,True,False
Chicago,0000201570,41.85003,-87.65005,2746388,22.0,1.0,USA,True,False
California,0000198127,36.778261,-119.4179324,1000000,23.0,0.3845039012357364,USA,True,False
Nevada,0000207415,38.8026097,-116.419389,1000000,2.0,0.3403141361256544,USA,True,False
San Diego,0000198980,32.71571,-117.16472,1394928,6.0,0.6764541006613759,USA,True,False
Bakersfield,0000198187,35.37329,-119.01871,403455,7.0,1.0,USA,True,False
Fresno,0000198485,36.74773,-119.77237,520052,8.0,0.5524861878453039,USA,True,False
Paso Robles,0000198865,35.62664,-120.691,27157,9.0,1.0,USA,True,False
Monterey,0000198766,36.60024,-121.89468,28338,10.0,0.38167938931297707,USA,True,False
Stockton,0000199094,37.9577,-121.29078,642,12.0,0.2702702702702703,USA,True,False
Sacramento,0000198965,38.58157,-121.4944,524943,19.0,1.0,USA,True,False
Palm Springs,0000198852,33.8303,-116.54529,47371,16.0,0.5263157894736842,USA,True,False
Eureka,0000198449,40.80207,-124.16367,1074,17.0,0.198019801980198,USA,True,False
San Joaquin,0000198988,36.60662,-120.18904,4022,20.0,1.0,USA,True,False
Shasta,0000199047,40.59932,-122.49196,1771,24.0,1.0,USA,True,False
Oroville,0000198843,39.51394,-121.55776,1677,25.0,0.5263157894736842,USA,True,False
Wyoming,0000216938,43.0759678,-107.2902839,1000000,0.0,0.2258905299739357,USA,True,False
Colorado,0000199251,39.5500507,-105.7820674,5773714,1.0,1.0,USA,True,False
Kansas,0000203119,39.011902,-98.4842465,1000000,2.0,0.4318936877076412,USA,True,False
Nebraska,0000207176,41.4925374,-99.9018131,1961504,3.0,1.0,USA,True,False
Kansas,0000203119,39.011902,-98.4842465,1000000,27.0,0.4318936877076412,USA,True,False
Wichita,0000203432,37.69224,-97.33754,397532,13.0,1.0,USA,True,False
Eudora,0000197922,33.10957,-91.26206,6378,6.0,0.5263157894736842,USA,True,False
Overland Park,0000203348,38.98223,-94.67079,186515,7.0,1.0,USA,True,False
Missouri,0000206502,37.9642529,-91.8318334,6154913,20.0,1.0,USA,True,False
Oklahoma,0000210920,35.4675602,-97.5164276,1000000,11.0,0.4318936877076412,USA,True,False
Kansas City,0000203267,39.11417,-94.62746,475378,14.0,0.5263157894736842,USA,True,False
Kentucky,0000203439,37.8393332,-84.2700179,4505836,23.0,1.0,USA,True,False
Lenexa,0000203286,38.95362,-94.73357,52490,26.0,1.0,USA,True,False
Pierce,0000207344,42.19917,-97.52672,1845,1.0,1.0,USA,True,False
Ware,0000205167,42.25981,-72.2398,6170,2.0,1.0,USA,True,False
Ware County,0000201144,31.05363,-82.42368,36251,4.0,1.0,USA,True,False
Pierce County,0000201020,31.35876,-82.21274,0,6.0,0.2,USA,True,False
Fort Myers,0000200022,26.62168,-81.84059,86395,3.0,1.0,USA,True,False
Lee County,0000197342,32.60114,-85.35556,0,2.0,0.08333333333333333,USA,True,False
Los Angeles,0000198686,34.05223,-118.24368,3898747,0.0,1.0,USA,True,False
California,0000198127,36.778261,-119.4179324,1000000,19.0,0.3845039012357364,USA,True,False
Shandon,0000199046,35.65525,-120.37543,1295,2.0,1.0,USA,True,False
Kettleman City,0000198594,36.00829,-119.9618,1439,3.0,1.0,USA,True,False
San Luis Obispo,0000198996,35.28275,-120.65962,47063,4.0,1.0,USA,True,False
Paso Robles,0000198865,35.62664,-120.691,27157,5.0,1.0,USA,True,False
Capitan,0000208261,33.54536,-105.5722,1392,6.0,1.0,USA,True,False
Louisiana,0000203829,30.9842977,-91.9623327,1000000,13.0,1.0,USA,True,True
Santa Barbara,0000199011,34.42083,-119.69819,91842,17.0,0.6038282712396594,USA,True,False
Montecito,0000198765,34.43666,-119.63208,8965,18.0,1.0,USA,True,False
South Carolina,0000212864,33.836081,-81.1637245,5118425,,,USA,True,False
Alaska,0000197513,64.2008413,-149.4936733,733391,8.0,1.0,USA,True,False
South Carolina,0000212864,33.836081,-81.1637245,5118425,9.0,1.0,USA,True,False
Ohio,0000210163,40.4172871,-82.907123,11799448,26.0,1.0,USA,True,False
Kentucky,0000203439,37.8393332,-84.2700179,4505836,28.0,1.0,USA,True,False
Iowa,0000202733,41.8780025,-93.097702,1000000,0.0,0.5909090909090908,USA,True,False
Omaha,0000207333,41.25626,-95.94043,486051,1.0,1.0,USA,True,False
Missouri,0000206502,37.9642529,-91.8318334,6154913,2.0,1.0,USA,True,False
Palo Alto,0000198854,37.44188,-122.14302,66853,0.0,0.5524861878453039,USA,True,False
Houston,0000197558,61.63028,-149.81806,2206,2.0,0.21739130434782608,USA,True,False
Scotts Valley,0000199032,37.05106,-122.01468,11945,8.0,1.0,USA,True,False
Santa Cruz County,0000197779,31.526,-110.84657,0,11.0,0.5,USA,True,False
Boulder Creek,0000198236,37.12606,-122.12219,4923,15.0,1.0,USA,True,False
Highlands,0000207883,40.40372,-73.99153,4867,10.0,0.5263157894736842,USA,True,False
Capitola,0000198281,36.97523,-121.95329,10189,12.0,1.0,USA,True,False
Seacliff,0000199034,36.97412,-121.91579,3267,14.0,1.0,USA,True,False
Travis County,0000214865,30.33469,-97.78195,1290188,3.0,1.0,USA,True,False
Texas,0000213703,31.9685988,-99.9018131,29145505,4.0,1.0,USA,True,False
Kearney,0000206729,39.36778,-94.36217,33021,,,USA,True,False
Arizona,0000197610,34.0489281,-111.0937311,7151502,,,USA,True,False
Kansas,0000203119,39.011902,-98.4842465,1000000,,,USA,True,False
Hawaii,0000201176,19.8967662,-155.5827818,1455271,10.0,1.0,USA,True,False
Arizona,0000197610,34.0489281,-111.0937311,7151502,6.0,1.0,USA,True,False
Mount Shasta,0000198779,41.31024,-122.31225,3296,7.0,1.0,USA,True,False
Vincent,0000197495,33.38455,-86.41192,15922,11.0,0.5524861878453039,USA,True,False
Santa Maria,0000199020,34.95303,-120.43572,105093,12.0,1.0,USA,True,False
Alaska,0000197513,64.2008413,-149.4936733,733391,14.0,1.0,USA,True,False
Washington,0000215793,47.7510741,-120.7401385,1000000,24.0,0.10478800580364345,USA,True,False
Fargo,0000210066,46.87719,-96.7898,125990,,,USA,True,False
Wahpeton,0000210153,46.26524,-96.60591,8007,,,USA,True,False
Denver,0000199328,39.73915,-104.9847,715522,4.0,0.2702702702702703,USA,True,False
Boulder,0000199277,40.01499,-105.27055,1207,1.0,0.5263157894736842,USA,True,False
Wyoming,0000216938,43.0759678,-107.2902839,1000000,2.0,0.2258905299739357,USA,True,False
Colorado,0000199251,39.5500507,-105.7820674,5773714,3.0,1.0,USA,True,False
West Virginia,0000216227,38.5976262,-80.4549026,1793716,3.0,1.0,USA,True,False
Pittsburgh,0000212240,40.44062,-79.99589,302971,2.0,1.0,USA,True,False
Monongalia County,0000216345,39.63028,-80.04654,105822,4.0,1.0,USA,True,False
Preston County,0000216379,39.4693,-79.66816,34216,5.0,1.0,USA,True,False
Tucker County,0000216417,39.1136,-79.56497,6762,6.0,1.0,USA,True,False
Fairmont,0000201671,41.55614,-88.05923,594,7.0,0.2702702702702703,USA,True,False
Morgantown,0000203701,37.2256,-86.6836,826,8.0,0.38167938931297707,USA,True,False
Kingwood,0000216316,39.47176,-79.68339,2980,9.0,1.0,USA,True,False
Terra Alta,0000216415,39.44565,-79.54644,1493,10.0,1.0,USA,True,False
Saint George,0000200441,28.05641,-82.72788,72897,12.0,0.23584905660377356,USA,True,False
Canaan,0000199552,42.02731,-73.32928,1212,13.0,0.5263157894736842,USA,True,False
Alaska,0000197513,64.2008413,-149.4936733,733391,4.0,1.0,USA,True,False
Michigan,0000205217,44.3148443,-85.6023643,10077331,6.0,1.0,USA,True,False
South Carolina,0000212864,33.836081,-81.1637245,5118425,7.0,1.0,USA,True,False
California,0000198127,36.778261,-119.4179324,1000000,4.0,0.3845039012357364,USA,True,False
Washington,0000215793,47.7510741,-120.7401385,1000000,5.0,0.10478800580364345,USA,True,False
Washington,0000215793,47.7510741,-120.7401385,1000000,2.0,0.10478800580364345,USA,True,False
District of Columbia,0000199788,38.9071923,-77.0368707,689545,3.0,1.0,USA,True,True
California,0000198127,36.778261,-119.4179324,1000000,4.0,0.3845039012357364,USA,True,False
New York,0000208422,40.7127753,-74.0059728,20201249,5.0,1.0,USA,True,False
Texas,0000213703,31.9685988,-99.9018131,29145505,6.0,1.0,USA,True,False
Florida,0000199794,27.6648274,-81.5157535,1000000,7.0,0.5628344237673027,USA,True,False
Milan,0000201940,41.45309,-90.57208,3250,10.0,0.13698630136986298,USA,True,False
Phoenix,0000197753,33.44838,-112.07404,4553,7.0,0.2702702702702703,USA,True,False
Arizona,0000197610,34.0489281,-111.0937311,7151502,3.0,1.0,USA,True,False
Washington,0000215793,47.7510741,-120.7401385,1000000,0.0,0.10478800580364345,USA,True,False
Florida,0000199794,27.6648274,-81.5157535,1000000,5.0,0.5628344237673027,USA,True,False
Lee County,0000197342,32.60114,-85.35556,0,4.0,0.08333333333333333,USA,True,False
Kentucky,0000203439,37.8393332,-84.2700179,4505836,8.0,1.0,USA,True,False
California,0000198127,36.778261,-119.4179324,1000000,9.0,0.3845039012357364,USA,True,False
Valley,0000197489,32.81874,-85.17939,2117,10.0,0.5263157894736842,USA,True,False
Alabama,0000197134,32.3182314,-86.902298,1000000,12.0,0.5909090909090908,USA,True,False
Los Angeles,0000198686,34.05223,-118.24368,3898747,15.0,1.0,USA,True,False
Reno,0000207472,39.52963,-119.8138,241445,1.0,0.35714285714285715,USA,True,False
New Mexico,0000208239,34.5199402,-105.8700901,2117522,6.0,1.0,USA,True,False
Socorro County,0000208395,34.00724,-106.93033,16595,2.0,1.0,USA,True,False
Albuquerque,0000208243,35.08449,-106.65114,564559,4.0,1.0,USA,True,False
Dallas,0000200769,33.92371,-84.84077,15277,,,USA,True,False
Jackson,0000197326,31.50905,-87.89444,10523,6.0,0.0689655172413793,USA,True,False
Philadelphia,0000206411,32.77152,-89.11673,1223,1.0,0.35714285714285715,USA,True,False
Edinburg,0000201648,39.65727,-89.38953,1220,2.0,0.2702702702702703,USA,True,False
Carthage,0000201549,40.41643,-91.13625,3591,3.0,0.15624999999999997,USA,True,False
Walnut Grove,0000199189,38.24214,-121.51162,9790,4.0,0.2702702702702703,USA,True,False
Kosciusko,0000206335,33.058,-89.58956,7114,5.0,1.0,USA,True,False
Rankin County,0000206427,32.26412,-89.9458,157031,7.0,1.0,USA,True,False
Byram,0000199551,41.00426,-73.65374,4146,8.0,0.5524861878453039,USA,True,False
California,0000198127,36.778261,-119.4179324,1000000,0.0,0.3845039012357364,USA,True,False
East Palo Alto,0000198412,37.46883,-122.14108,29662,1.0,1.0,USA,True,False
West,0000214918,31.80238,-97.09167,2883,2.0,1.0,USA,True,False
West Virginia,0000216227,38.5976262,-80.4549026,1793716,5.0,1.0,USA,True,False
Texas,0000213703,31.9685988,-99.9018131,29145505,6.0,1.0,USA,True,False
Greene,0000202873,42.89581,-92.80242,888,0.0,0.35714285714285715,USA,True,False
Unicoi,0000213673,36.19539,-82.34958,3561,1.0,1.0,USA,True,False
Johnson,0000197979,36.13286,-94.16548,659,2.0,0.35714285714285715,USA,True,False
Tennessee,0000213316,35.5174913,-86.5804473,6910840,4.0,1.0,USA,True,False
Virginia,0000215288,37.4315734,-78.6568942,1000000,8.0,0.48139411736388577,USA,True,False
North Carolina,0000209473,35.7595731,-79.0192997,10439388,6.0,1.0,USA,True,False
Kansas City,0000203267,39.11417,-94.62746,475378,1.0,0.5263157894736842,USA,True,False
Alabama,0000197134,32.3182314,-86.902298,1000000,2.0,0.5909090909090908,USA,True,False
Prichard,0000197421,30.7388,-88.07889,527,4.0,1.0,USA,True,False
Florida,0000199794,27.6648274,-81.5157535,1000000,5.0,0.5628344237673027,USA,True,False
Glendale,0000197689,33.53865,-112.18599,881,6.0,0.12195121951219512,USA,True,False
Arizona,0000197610,34.0489281,-111.0937311,7151502,7.0,1.0,USA,True,False
South Carolina,0000212864,33.836081,-81.1637245,5118425,13.0,1.0,USA,True,False
Charleston,0000197882,35.29704,-94.03632,1567,2.0,0.14992503748125932,USA,True,False
Florida,0000199794,27.6648274,-81.5157535,1000000,11.0,0.5628344237673027,USA,True,False
New Hampshire,0000207498,43.1938516,-71.5723953,1377529,17.0,1.0,USA,True,False
Iowa,0000202733,41.8780025,-93.097702,1000000,14.0,0.5909090909090908,USA,True,False
Maryland,0000204446,39.0457549,-76.6412712,6177224,15.0,1.0,USA,True,False
Arkansas,0000197838,35.20105,-91.8318334,3011524,16.0,1.0,USA,True,False
South Dakota,0000213148,43.9695148,-99.9018131,886667,18.0,1.0,USA,True,False
Virginia,0000215288,37.4315734,-78.6568942,1000000,19.0,0.48139411736388577,USA,True,False
New Jersey,0000207685,40.0583238,-74.4056612,9288994,20.0,1.0,USA,True,False
Texas,0000213703,31.9685988,-99.9018131,29145505,21.0,1.0,USA,True,False
Wyoming,0000216938,43.0759678,-107.2902839,1000000,,,USA,True,False
Minnesota,0000205745,46.729553,-94.6858998,5706494,,,USA,True,False
Butte,0000197527,61.54222,-149.03333,3246,0.0,0.35714285714285715,USA,True,False
Haakon County,0000213212,44.29443,-101.53999,1872,1.0,1.0,USA,True,False
Ziebach County,0000213315,44.98041,-101.66586,2413,2.0,1.0,USA,True,False
Meade,0000203308,37.28558,-100.34015,1505,3.0,1.0,USA,True,False
Meade County,0000203309,37.2382,-100.36618,0,5.0,0.3333333333333333,USA,True,False
South Dakota,0000213148,43.9695148,-99.9018131,886667,6.0,1.0,USA,True,False
Santa Barbara,0000199011,34.42083,-119.69819,91842,,,USA,True,False
Merced County,0000198737,37.19186,-120.71767,281202,,,USA,True,False
California,0000198127,36.778261,-119.4179324,1000000,,,USA,True,False
Utah,0000214983,39.3209801,-111.0937311,3271616,,,USA,True,False
Paris,0000198053,35.29203,-93.72992,506,0.0,0.136986301369863,USA,True,False
Colorado,0000199251,39.5500507,-105.7820674,5773714,1.0,1.0,USA,True,False
New Mexico,0000208239,34.5199402,-105.8700901,2117522,2.0,1.0,USA,True,False
Tennessee,0000213316,35.5174913,-86.5804473,6910840,3.0,1.0,USA,True,False
Texas,0000213703,31.9685988,-99.9018131,29145505,4.0,1.0,USA,True,False
Florida,0000199794,27.6648274,-81.5157535,1000000,6.0,0.5628344237673027,USA,True,False
Louisiana,0000203829,30.9842977,-91.9623327,1000000,9.0,0.5909090909090908,USA,True,False
Riverton,0000202092,39.84422,-89.53954,10873,,,USA,True,False
Minnesota,0000205745,46.729553,-94.6858998,5706494,,,USA,True,False
Montgomery County,0000197379,32.22026,-86.20761,0,,,USA,True,False
Concordia,0000203175,39.57084,-97.66254,3092,,,USA,True,False
Selma,0000197445,32.40736,-87.0211,695,1.0,0.2702702702702703,USA,True,False
Alabama,0000197134,32.3182314,-86.902298,1000000,2.0,0.5909090909090908,USA,True,False
Oregon,0000211241,43.8041334,-120.5542012,1000000,1.0,0.28077753779697623,USA,True,False
Medford,0000205009,42.41843,-71.10616,79805,2.0,0.18181818181818182,USA,True,False
Ashland,0000197147,33.27373,-85.83607,20861,3.0,0.0689655172413793,USA,True,False
Pennsylvania,0000211498,41.2033216,-77.1945247,13002700,,,USA,True,False
Meade County,0000203309,37.2382,-100.36618,0,1.0,0.3333333333333333,USA,True,False
South Dakota,0000213148,43.9695148,-99.9018131,886667,5.0,1.0,USA,True,False
Watertown,0000199710,41.60621,-73.11817,23819,3.0,0.136986301369863,USA,True,False
Sisseton,0000213288,45.66468,-97.0498,2479,4.0,1.0,USA,True,False
Minnesota,0000205745,46.729553,-94.6858998,5706494,6.0,1.0,USA,True,False
Lyon County,0000202943,43.3805,-96.21029,0,7.0,0.2,USA,True,False
Iowa,0000202733,41.8780025,-93.097702,1000000,8.0,0.5909090909090908,USA,True,False
Kentucky,0000203439,37.8393332,-84.2700179,4505836,14.0,1.0,USA,True,False
Fleming-Neon,0000217338,37.19232,-82.70571,728,4.0,1.0,USA,True,False
Breathitt County,0000203475,37.52162,-83.32409,13718,11.0,1.0,USA,True,False
Louisville,0000199434,39.97776,-105.13193,20396,19.0,0.136986301369863,USA,True,False
Montana,0000207013,46.8796822,-110.3625658,1084225,15.0,1.0,USA,True,False
Alaska,0000197513,64.2008413,-149.4936733,733391,16.0,1.0,USA,True,False
Washington,0000215793,47.7510741,-120.7401385,1000000,17.0,0.10478800580364345,USA,True,False
California,0000198127,36.778261,-119.4179324,1000000,18.0,0.3845039012357364,USA,True,False
Santa Rosa,0000199023,38.44047,-122.71443,2675,4.0,0.6038282712396594,USA,True,False
Sonoma County,0000199069,38.52529,-122.92254,488863,5.0,1.0,USA,True,False
Sebastopol,0000199038,38.40214,-122.82388,7678,7.0,1.0,USA,True,False
Oakland,0000198823,37.80437,-122.2708,936,,,USA,True,False
Indiana,0000202298,40.2671941,-86.1349019,1000000,18.0,0.5909090909090908,USA,True,False
Arizona,0000197610,34.0489281,-111.0937311,7151502,6.0,1.0,USA,True,False
Nevada,0000207415,38.8026097,-116.419389,1000000,7.0,0.3403141361256544,USA,True,False
California,0000198127,36.778261,-119.4179324,1000000,8.0,0.3845039012357364,USA,True,False
New Mexico,0000208239,34.5199402,-105.8700901,2117522,9.0,1.0,USA,True,False
Miami-Dade County,0000200264,25.60897,-80.49867,2701767,13.0,1.0,USA,True,False
Florida,0000199794,27.6648274,-81.5157535,1000000,11.0,0.5628344237673027,USA,True,False
Colorado,0000199251,39.5500507,-105.7820674,5773714,,,USA,True,False
Wyoming,0000216938,43.0759678,-107.2902839,1000000,,,USA,True,False
Utah,0000214983,39.3209801,-111.0937311,3271616,,,USA,True,False
New Mexico,0000208239,34.5199402,-105.8700901,2117522,,,USA,True,False
Nevada,0000207415,38.8026097,-116.419389,1000000,,,USA,True,False
Arizona,0000197610,34.0489281,-111.0937311,7151502,,,USA,True,False
California,0000198127,36.778261,-119.4179324,1000000,9.0,0.3845039012357364,USA,True,False
Sacramento,0000198965,38.58157,-121.4944,524943,0.0,1.0,USA,True,False
Louisiana,0000203829,30.9842977,-91.9623327,1000000,0.0,0.5909090909090908,USA,True,False
Sacramento,0000198965,38.58157,-121.4944,524943,,,USA,True,False
Weston,0000200607,26.10037,-80.39977,647,0.0,0.15625,USA,True,False
Wyoming,0000216938,43.0759678,-107.2902839,1000000,2.0,0.2258905299739357,USA,True,False
South Dakota,0000213148,43.9695148,-99.9018131,886667,3.0,1.0,USA,True,False
Copiague,0000208613,40.68149,-73.39984,22993,2.0,1.0,USA,True,False
Melville,0000204031,30.69297,-91.744,1320,1.0,0.35714285714285715,USA,True,False
Upton,0000205160,42.17454,-71.60229,1109,3.0,0.5263157894736842,USA,True,False
Uniondale,0000209359,40.70038,-73.59291,24759,10.0,1.0,USA,True,False
New York,0000208422,40.7127753,-74.0059728,20201249,16.0,1.0,USA,True,False
Middleton,0000201386,43.70683,-116.62014,6828,12.0,0.4068348250610252,USA,True,False
Amityville,0000208441,40.67899,-73.41707,9486,15.0,1.0,USA,True,False
San Jos√©,0000212773,18.39833333,-66.25583333,0,0.0,1.0,USA,True,False
Havana,0000200080,30.62381,-84.41463,3076,1.0,0.5263157894736842,USA,True,False
Oregon,0000211241,43.8041334,-120.5542012,1000000,16.0,0.28077753779697623,USA,True,False
Washington,0000215793,47.7510741,-120.7401385,1000000,17.0,0.10478800580364345,USA,True,False
Medford,0000205009,42.41843,-71.10616,79805,2.0,0.18181818181818182,USA,True,False
Portland,0000199664,41.57288,-72.64065,652503,4.0,0.14637002341920374,USA,True,False
Alabama,0000197134,32.3182314,-86.902298,1000000,6.0,0.5909090909090908,USA,True,False
Maine,0000204174,45.253783,-69.4454689,1000000,7.0,0.5909090909090908,USA,True,False
Virginia,0000215288,37.4315734,-78.6568942,1000000,8.0,0.48139411736388577,USA,True,False
West Virginia,0000216227,38.5976262,-80.4549026,1793716,9.0,1.0,USA,True,False
Texas,0000213703,31.9685988,-99.9018131,29145505,14.0,1.0,USA,True,False
New Mexico,0000208239,34.5199402,-105.8700901,2117522,11.0,1.0,USA,True,False
Midland,0000205541,43.61558,-84.24721,8962,12.0,0.23584905660377356,USA,True,False
Odessa,0000200323,28.1939,-82.59176,871,13.0,0.35714285714285715,USA,True,False
Fremont County,0000199364,38.47297,-105.43966,0,,,USA,True,False
Fremont County,0000199364,38.47297,-105.43966,0,3.0,0.25,USA,True,False
Oceanside,0000198828,33.19587,-117.37948,175691,2.0,0.5263157894736842,USA,True,False
Nassau,0000209036,42.51591,-73.61012,1124,3.0,1.0,USA,True,False
Mineola,0000208999,40.74927,-73.64068,19139,4.0,0.5263157894736842,USA,True,False
Terrytown,0000204137,29.91021,-90.03257,1172,,,USA,True,False
Colorado,0000199251,39.5500507,-105.7820674,5773714,19.0,1.0,USA,True,False
Denver,0000199328,39.73915,-104.9847,715522,18.0,0.2702702702702703,USA,True,False
Boulder,0000199277,40.01499,-105.27055,1207,17.0,0.5263157894736842,USA,True,False
Castle Rock,0000199294,39.37221,-104.85609,2184,7.0,0.5263157894736842,USA,True,False
Colorado Springs,0000199310,38.83388,-104.82136,478961,8.0,1.0,USA,True,False
Pueblo,0000199479,38.25445,-104.60914,111876,9.0,1.0,USA,True,False
Hidalgo,0000214203,26.10035,-98.26307,13709,11.0,1.0,USA,True,False
Chicago,0000201570,41.85003,-87.65005,2746388,0.0,1.0,USA,True,False
Wisconsin,0000216445,43.7844397,-88.7878678,5893718,2.0,1.0,USA,True,False
Wyoming,0000216938,43.0759678,-107.2902839,1000000,9.0,0.2258905299739357,USA,True,False
Kansas,0000203119,39.011902,-98.4842465,1000000,3.0,0.4318936877076412,USA,True,False
New York,0000208422,40.7127753,-74.0059728,20201249,4.0,1.0,USA,True,False
Nevada,0000207415,38.8026097,-116.419389,1000000,5.0,0.3403141361256544,USA,True,False
Nebraska,0000207176,41.4925374,-99.9018131,1961504,12.0,1.0,USA,True,False
Michigan,0000205217,44.3148443,-85.6023643,10077331,7.0,1.0,USA,True,False
Arizona,0000197610,34.0489281,-111.0937311,7151502,8.0,1.0,USA,True,False
Colorado,0000199251,39.5500507,-105.7820674,5773714,11.0,1.0,USA,True,False
Texas,0000213703,31.9685988,-99.9018131,29145505,14.0,1.0,USA,True,False
California,0000198127,36.778261,-119.4179324,1000000,16.0,0.3845039012357364,USA,True,False
Belfast,0000204188,44.42591,-69.00642,1257,1.0,0.5263157894736842,USA,True,False
Las Vegas,0000207452,36.17497,-115.13722,623747,2.0,0.578368999421631,USA,True,False
Hamlin,0000208804,43.30312,-77.92112,2042,2.0,0.35714285714285715,USA,True,False
Codington County,0000213180,44.97785,-97.18862,28325,1.0,1.0,USA,True,False
Minnesota,0000205745,46.729553,-94.6858998,5706494,3.0,1.0,USA,True,False
South Dakota,0000213148,43.9695148,-99.9018131,886667,4.0,1.0,USA,True,False
Hamlin,0000208804,43.30312,-77.92112,2042,2.0,0.35714285714285715,USA,True,False
Codington County,0000213180,44.97785,-97.18862,28325,1.0,1.0,USA,True,False
Minnesota,0000205745,46.729553,-94.6858998,5706494,3.0,1.0,USA,True,False
South Dakota,0000213148,43.9695148,-99.9018131,886667,4.0,1.0,USA,True,False
Chicago,0000201570,41.85003,-87.65005,2746388,0.0,1.0,USA,True,False
Ellicott City,0000204560,39.26733,-76.79831,75947,,,USA,True,False
Howard County,0000197969,34.08874,-93.99349,0,,,USA,True,False
Milan,0000201940,41.45309,-90.57208,3250,2.0,0.13698630136986298,USA,True,False
Utah,0000214983,39.3209801,-111.0937311,3271616,3.0,1.0,USA,True,False
New Britain,0000199627,41.66121,-72.77954,3017,5.0,0.5263157894736842,USA,True,False
Manila,0000198011,35.88007,-90.16704,331,12.0,0.5263157894736842,USA,True,False
Wellington,0000199530,40.70387,-105.00859,7807,15.0,0.19801980198019806,USA,True,False
Washington,0000215793,47.7510741,-120.7401385,1000000,27.0,0.10478800580364345,USA,True,False
London,0000198003,35.32897,-93.25296,1869,47.0,0.2702702702702703,USA,True,False
Audubon County,0000202756,41.68459,-94.90582,5674,,,USA,True,False
Perry County,0000197408,32.63847,-87.2944,0,0.0,0.1,USA,True,False
Kansas,0000203119,39.011902,-98.4842465,1000000,0.0,0.4318936877076412,USA,True,False
Colorado,0000199251,39.5500507,-105.7820674,5773714,6.0,1.0,USA,True,False
Fort Morgan,0000199359,40.25026,-103.79995,11597,2.0,1.0,USA,True,False
Denver,0000199328,39.73915,-104.9847,715522,5.0,0.2702702702702703,USA,True,False
Glenwood,0000197938,34.32677,-93.55074,2568,7.0,0.2702702702702703,USA,True,False
Aspen,0000199264,39.1911,-106.81754,7004,9.0,1.0,USA,True,False
Mesa,0000197729,33.42227,-111.82264,471825,10.0,1.0,USA,True,False
Michigan,0000205217,44.3148443,-85.6023643,10077331,0.0,1.0,USA,True,False
Lansing,0000201854,41.56476,-87.53893,634,2.0,0.2702702702702703,USA,True,False
South Carolina,0000212864,33.836081,-81.1637245,5118425,21.0,1.0,USA,True,False
Arizona,0000197610,34.0489281,-111.0937311,7151502,22.0,1.0,USA,True,False
Ocean Springs,0000206396,30.41131,-88.82781,17636,3.0,1.0,USA,True,False
Mississippi,0000206206,32.3546679,-89.3985283,2961279,1.0,1.0,USA,True,False
Springs,0000209310,41.01621,-72.15924,6592,4.0,1.0,USA,True,False
Chicago,0000201570,41.85003,-87.65005,2746388,0.0,1.0,USA,True,False
Rio Grande,0000208092,39.01456,-74.88156,854,4.0,1.0,USA,True,False
Republic,0000206885,37.12005,-93.48019,1072,,,USA,True,False
Washington,0000215793,47.7510741,-120.7401385,1000000,,,USA,True,False
Perth,0000209145,43.01757,-74.19402,3646,1.0,1.0,USA,True,False
Virginia,0000215288,37.4315734,-78.6568942,1000000,11.0,0.48139411736388577,USA,True,False
Crook County,0000211292,44.14219,-120.35658,0,,,USA,True,False
Oregon,0000211241,43.8041334,-120.5542012,1000000,,,USA,True,False
Portland,0000199664,41.57288,-72.64065,652503,,,USA,True,False
Oregon,0000211241,43.8041334,-120.5542012,1000000,,,USA,True,False
Ithaca,0000205462,43.2917,-84.6075,30788,1.0,0.5263157894736842,USA,True,False
New York,0000208422,40.7127753,-74.0059728,20201249,2.0,1.0,USA,True,False
New Haven,0000199631,41.30815,-72.92816,5123,,,USA,True,False
Connecticut,0000199541,41.6032207,-73.087749,3605944,,,USA,True,False
Garden County,0000207259,41.61943,-102.33544,1874,0.0,1.0,USA,True,False
Tuscumbia,0000197484,34.7312,-87.70253,205,,,USA,True,False
Louisiana,0000203829,30.9842977,-91.9623327,1000000,,,USA,True,False
Damascus,0000204539,39.28844,-77.20387,10952,18.0,0.5263157894736842,USA,True,False
Wyoming,0000216938,43.0759678,-107.2902839,1000000,0.0,0.2258905299739357,USA,True,False
Cheyenne,0000210973,35.61394,-99.67149,63335,4.0,0.5263157894736842,USA,True,False
Wheatland,0000199217,39.00989,-121.42301,3659,2.0,0.5263157894736842,USA,True,False
Rock Springs,0000216997,41.58746,-109.2029,23962,3.0,1.0,USA,True,False
New Smyrna Beach,0000200292,29.02582,-80.927,24298,,,USA,True,False
Montana,0000207013,46.8796822,-110.3625658,1084225,1.0,1.0,USA,True,False
Winnebago,0000202281,42.26613,-89.24122,787,6.0,0.5263157894736842,USA,True,False
Boone,0000202769,42.0597,-93.88023,12692,7.0,0.5263157894736842,USA,True,False
McHenry,0000201926,42.33335,-88.26675,26657,8.0,1.0,USA,True,False
Ogle County,0000202017,42.04264,-89.32065,51788,9.0,1.0,USA,True,False
DeKalb,0000201618,41.92947,-88.75036,43211,5.0,1.0,USA,True,False
Illinois,0000201442,40.6331249,-89.3985283,12812508,10.0,1.0,USA,True,False
Anchorage,0000197518,61.21806,-149.90028,298695,,,USA,True,False
San Diego,0000198980,32.71571,-117.16472,1394928,0.0,0.6764541006613759,USA,True,False
San Diego County,0000198982,33.0282,-116.77021,3298634,1.0,1.0,USA,True,False
Alaska,0000197513,64.2008413,-149.4936733,733391,2.0,1.0,USA,True,False
Ramona,0000198910,33.04171,-116.86808,20292,3.0,1.0,USA,True,False
Poway,0000198904,32.96282,-117.03586,50157,4.0,1.0,USA,True,False
El Cajon,0000198424,32.79477,-116.96253,103679,5.0,1.0,USA,True,False
La Mesa,0000198607,32.76783,-117.02308,728,6.0,1.0,USA,True,False
Nebraska,0000207176,41.4925374,-99.9018131,1961504,0.0,1.0,USA,True,False
Kansas,0000203119,39.011902,-98.4842465,1000000,3.0,0.4318936877076412,USA,True,False
Goodland,0000202441,40.76337,-87.29363,4457,2.0,0.5263157894736842,USA,True,False
Glendale,0000197689,33.53865,-112.18599,881,0.0,0.12195121951219512,USA,True,False
Philadelphia,0000206411,32.77152,-89.11673,1223,3.0,0.35714285714285715,USA,True,False
Kansas City,0000203267,39.11417,-94.62746,475378,4.0,0.5263157894736842,USA,True,False
Montana,0000207013,46.8796822,-110.3625658,1084225,4.0,1.0,USA,True,False
Gallatin,0000206665,39.91445,-93.96217,34334,1.0,0.5263157894736842,USA,True,False
Madison,0000197357,34.69926,-86.74833,503,2.0,0.06134969325153373,USA,True,False
Beaverhead County,0000207017,45.13273,-112.89889,9371,3.0,1.0,USA,True,False
Great Falls,0000207075,47.50024,-111.30081,59638,3.0,0.35714285714285715,USA,True,False
San Benito County,0000198974,36.60571,-121.075,64209,,,USA,True,False
Rock Port,0000206895,40.41111,-95.51693,1278,5.0,1.0,USA,True,False
Missouri,0000206502,37.9642529,-91.8318334,6154913,6.0,1.0,USA,True,False
New Mexico,0000208239,34.5199402,-105.8700901,2117522,,,USA,True,False
Te Awanga,0000131592,-39.63333,176.98333,768,,,NZL,True,False
Auckland,0000131377,-36.84853,174.76349,1470100,,,NZL,True,False
Valdosta,0000201133,30.83334,-83.28032,55378,,,USA,True,False
Utah,0000214983,39.3209801,-111.0937311,3271616,,,USA,True,False
Canton,0000200713,34.23676,-84.49076,3331,0.0,0.08474576271186439,USA,True,False
Scotia,0000209256,42.82647,-73.96429,850,1.0,1.0,USA,True,False
Inverness,0000197324,32.01488,-85.74606,1532,2.0,0.23584905660377356,USA,True,False
Halifax,0000204944,41.99121,-70.86199,833,5.0,0.35714285714285715,USA,True,False
Richmond County,0000201044,33.35963,-82.07355,0,10.0,0.25,USA,True,False
Los Osos,0000198692,35.31109,-120.8324,14276,,,USA,True,False
San Luis Obispo,0000198996,35.28275,-120.65962,47063,,,USA,True,False
Santa Barbara,0000199011,34.42083,-119.69819,91842,,,USA,True,False
Auckland,0000131377,-36.84853,174.76349,1470100,,,NZL,True,False
New South Wales,0000002982,-31.2532183,146.921099,8157735,,,AUS,True,False
South Australia,0000005187,-30.0002315,136.2091547,1767247,,,AUS,True,False
Washington,0000215793,47.7510741,-120.7401385,1000000,13.0,0.10478800580364345,USA,True,False
Brussels,0000216506,44.73611,-87.62093,1110,27.0,1.0,USA,True,False
Detroit,0000205341,42.33143,-83.04575,639111,30.0,1.0,USA,True,False
Florida,0000199794,27.6648274,-81.5157535,1000000,10.0,0.5628344237673027,USA,True,False
Wyoming,0000216938,43.0759678,-107.2902839,1000000,,,USA,True,False
Utah,0000214983,39.3209801,-111.0937311,3271616,,,USA,True,False
Arizona,0000197610,34.0489281,-111.0937311,7151502,,,USA,True,False
Colorado,0000199251,39.5500507,-105.7820674,5773714,,,USA,True,False
California,0000198127,36.778261,-119.4179324,1000000,10.0,0.3845039012357364,USA,True,False
Nevada,0000207415,38.8026097,-116.419389,1000000,7.0,0.3403141361256544,USA,True,False
Howard County,0000197969,34.08874,-93.99349,0,,,USA,True,False
Maryland,0000204446,39.0457549,-76.6412712,6177224,,,USA,True,False
Colorado Springs,0000199310,38.83388,-104.82136,478961,0.0,1.0,USA,True,False
Springs,0000209310,41.01621,-72.15924,6592,1.0,1.0,USA,True,False
West Virginia,0000216227,38.5976262,-80.4549026,1793716,0.0,1.0,USA,True,False
Morgantown,0000203701,37.2256,-86.6836,826,1.0,0.38167938931297707,USA,True,False
Preston County,0000216379,39.4693,-79.66816,34216,4.0,1.0,USA,True,False
West,0000214918,31.80238,-97.09167,2883,3.0,1.0,USA,True,False
Westover,0000197504,33.34955,-86.53582,4223,5.0,0.5263157894736842,USA,True,False
Utah,0000214983,39.3209801,-111.0937311,3271616,6.0,1.0,USA,True,False
North Carolina,0000209473,35.7595731,-79.0192997,10439388,7.0,1.0,USA,True,True
New York,0000208422,40.7127753,-74.0059728,20201249,6.0,1.0,USA,True,False
Harrison,0000197953,36.22979,-93.10768,7302,1.0,0.13368983957219252,USA,True,False
Louisiana,0000203829,30.9842977,-91.9623327,1000000,3.0,0.5909090909090908,USA,True,False
Tangipahoa,0000217420,30.87602,-90.51204,808,4.0,1.0,USA,True,False
Alaska,0000197513,64.2008413,-149.4936733,733391,0.0,1.0,USA,True,False
Bonita Springs,0000199856,26.33981,-81.7787,51704,22.0,1.0,USA,True,False
Bradford,0000204196,45.06673,-68.93781,788,24.0,0.21739130434782608,USA,True,False
Bonita,0000198228,32.65783,-117.03003,12538,5.0,1.0,USA,True,False
Spring Creek,0000207479,40.72659,-115.5859,12361,17.0,1.0,USA,True,False
Florida,0000199794,27.6648274,-81.5157535,1000000,12.0,0.5628344237673027,USA,True,False
Estero,0000200001,26.43814,-81.80675,30799,19.0,1.0,USA,True,False
Lee County,0000197342,32.60114,-85.35556,0,20.0,0.08333333333333333,USA,True,False
Chicago,0000201570,41.85003,-87.65005,2746388,,,USA,True,False
McHenry County,0000201927,42.32439,-88.45245,0,,,USA,True,False
Massachusetts,0000204811,42.4072107,-71.3824374,7029917,,,USA,True,False
Bristol,0000199550,41.67176,-72.94927,60452,,,USA,True,False
Plymouth,0000199662,41.67204,-73.05289,960,,,USA,True,False
Rhode Island,0000212809,41.5800945,-71.4774291,1097379,,,USA,True,False
Newport,0000198044,35.6048,-91.2818,2137,,,USA,True,False
Boston,0000200687,30.79186,-83.78989,545,,,USA,True,False
Quincy,0000198908,39.93682,-120.94647,7365,,,USA,True,False
Connecticut,0000199541,41.6032207,-73.087749,3605944,,,USA,True,False
Washington,0000215793,47.7510741,-120.7401385,1000000,,,USA,True,False
Westerly,0000212862,41.3776,-71.82729,17936,,,USA,True,False
Hopkinton,0000204967,42.22871,-71.52256,8261,,,USA,True,False
Providence,0000203748,38.57451,-85.22107,7124,,,USA,True,False
Pawcatuck,0000199657,41.37732,-71.83368,5624,,,USA,True,False
San Diego,0000198980,32.71571,-117.16472,1394928,0.0,0.6764541006613759,USA,True,False
San Diego County,0000198982,33.0282,-116.77021,3298634,0.0,1.0,USA,True,False
Oroville,0000198843,39.51394,-121.55776,1677,19.0,0.5263157894736842,USA,True,False
California,0000198127,36.778261,-119.4179324,1000000,17.0,0.3845039012357364,USA,True,False
Nevada,0000207415,38.8026097,-116.419389,1000000,11.0,0.3403141361256544,USA,True,False
San Luis Obispo County,0000198997,35.38742,-120.4522,282424,15.0,1.0,USA,True,False
Shasta,0000199047,40.59932,-122.49196,1771,18.0,1.0,USA,True,False
Oroville,0000198843,39.51394,-121.55776,1677,7.0,0.5263157894736842,USA,True,False
California,0000198127,36.778261,-119.4179324,1000000,17.0,0.3845039012357364,USA,True,False
Nevada,0000207415,38.8026097,-116.419389,1000000,11.0,0.3403141361256544,USA,True,False
San Luis Obispo County,0000198997,35.38742,-120.4522,282424,15.0,1.0,USA,True,False
Shasta,0000199047,40.59932,-122.49196,1771,18.0,1.0,USA,True,False
Reservoir,0000218707,40.40674,-78.38029,0,19.0,1.0,USA,True,False
Chicago,0000201570,41.85003,-87.65005,2746388,,,USA,True,False
Louisiana,0000203829,30.9842977,-91.9623327,1000000,0.0,0.5909090909090908,USA,True,False
Louisiana,0000203829,30.9842977,-91.9623327,1000000,0.0,0.5909090909090908,USA,True,False
Ogle County,0000202017,42.04264,-89.32065,51788,0.0,1.0,USA,True,False
McHenry,0000201926,42.33335,-88.26675,26657,1.0,1.0,USA,True,False
Davenport,0000199956,28.1614,-81.60174,1672,2.0,0.35714285714285715,USA,True,False
Iowa,0000202733,41.8780025,-93.097702,1000000,4.0,0.5909090909090908,USA,True,False
Missouri,0000206502,37.9642529,-91.8318334,6154913,5.0,1.0,USA,True,False
Illinois,0000201442,40.6331249,-89.3985283,12812508,6.0,1.0,USA,True,False
Chicago,0000201570,41.85003,-87.65005,2746388,7.0,1.0,USA,True,False
Chicago,0000201570,41.85003,-87.65005,2746388,1.0,1.0,USA,True,False
Boone,0000202769,42.0597,-93.88023,12692,2.0,0.5263157894736842,USA,True,False
McHenry,0000201926,42.33335,-88.26675,26657,3.0,1.0,USA,True,False
Ogle County,0000202017,42.04264,-89.32065,51788,4.0,1.0,USA,True,False
Winnebago,0000202281,42.26613,-89.24122,787,5.0,0.5263157894736842,USA,True,False
Williston,0000200616,29.38747,-82.44677,26977,2.0,0.2702702702702703,USA,True,False
North Dakota,0000210028,47.5514926,-101.0020119,779094,3.0,1.0,USA,True,False
Oklahoma City,0000211140,35.46756,-97.51643,681054,4.0,1.0,USA,True,False
Helena,0000197310,33.29622,-86.8436,30581,2.0,0.18181818181818182,USA,True,False
New Mexico,0000208239,34.5199402,-105.8700901,2117522,3.0,1.0,USA,True,False
Cleveland,0000197209,33.99093,-86.57749,1468,,,USA,True,False
Ohio,0000210163,40.4172871,-82.907123,11799448,,,USA,True,False
California,0000198127,36.778261,-119.4179324,1000000,,,USA,True,False
Utah,0000214983,39.3209801,-111.0937311,3271616,,,USA,True,False
Colorado,0000199251,39.5500507,-105.7820674,5773714,,,USA,True,False
Wyoming,0000216938,43.0759678,-107.2902839,1000000,,,USA,True,False
New Mexico,0000208239,34.5199402,-105.8700901,2117522,,,USA,True,False
Nevada,0000207415,38.8026097,-116.419389,1000000,,,USA,True,False
Arizona,0000197610,34.0489281,-111.0937311,7151502,,,USA,True,False
New Jersey,0000207685,40.0583238,-74.4056612,9288994,,,USA,True,False
Tauranga,0000131406,-37.68611,176.16667,110338,,,NZL,True,False
Cambridge,0000131511,-37.87822,175.4402,15192,,,NZL,True,False
Auckland,0000131377,-36.84853,174.76349,1470100,,,NZL,True,False
Hamilton,0000131513,-37.78333,175.28333,176500,,,NZL,True,False
Taupo,0000131522,-38.68333,176.08333,26000,,,NZL,True,False
Chicago,0000201570,41.85003,-87.65005,2746388,0.0,1.0,USA,True,False
Rio Grande,0000208092,39.01456,-74.88156,854,4.0,1.0,USA,True,False
Buffalo,0000202776,41.45642,-90.72347,4632,6.0,0.10989010989010987,USA,True,False
Niagara,0000216751,45.77135,-87.99485,1587,5.0,1.0,USA,True,False
Madera County,0000198703,37.21804,-119.76265,156255,,,USA,True,False
California,0000198127,36.778261,-119.4179324,1000000,,,USA,True,False
North,0000217751,33.61571,-81.10204,742,2.0,1.0,USA,True,False
Williston,0000200616,29.38747,-82.44677,26977,3.0,0.2702702702702703,USA,True,False
Oklahoma City,0000211140,35.46756,-97.51643,681054,4.0,1.0,USA,True,False
Idaho,0000201299,44.0682019,-114.7420408,1839106,,,USA,True,False
Montgomery County,0000197379,32.22026,-86.20761,0,,,USA,True,False
Selma,0000197445,32.40736,-87.0211,695,,,USA,True,False
Perry County,0000197408,32.63847,-87.2944,0,,,USA,True,False
Concordia,0000203175,39.57084,-97.66254,3092,,,USA,True,False
Charleston,0000197882,35.29704,-94.03632,1567,3.0,0.14992503748125932,USA,True,False
West Virginia,0000216227,38.5976262,-80.4549026,1793716,2.0,1.0,USA,True,False
Kentucky,0000203439,37.8393332,-84.2700179,4505836,4.0,1.0,USA,True,False
Ohio,0000210163,40.4172871,-82.907123,11799448,5.0,1.0,USA,True,False
Michigan,0000205217,44.3148443,-85.6023643,10077331,10.0,1.0,USA,True,False
Mississippi,0000206206,32.3546679,-89.3985283,2961279,11.0,1.0,USA,True,False
Tennessee,0000213316,35.5174913,-86.5804473,6910840,3.0,1.0,USA,True,False
Louisiana,0000203829,30.9842977,-91.9623327,1000000,4.0,0.5909090909090908,USA,True,False
Illinois,0000201442,40.6331249,-89.3985283,12812508,5.0,1.0,USA,True,False
Texas,0000213703,31.9685988,-99.9018131,29145505,6.0,1.0,USA,True,False
Oklahoma,0000210920,35.4675602,-97.5164276,1000000,7.0,0.4318936877076412,USA,True,False
Ohio,0000210163,40.4172871,-82.907123,11799448,9.0,1.0,USA,True,False
Alabama,0000197134,32.3182314,-86.902298,1000000,12.0,0.5909090909090908,USA,True,False
Wasatch County,0000215171,40.33035,-111.16847,34788,,,USA,True,False
Colorado City,0000197656,36.99026,-112.97577,4117,,,USA,True,False
Los Angeles,0000198686,34.05223,-118.24368,3898747,1.0,1.0,USA,True,False
Oxnard,0000198845,34.1975,-119.17705,207254,2.0,1.0,USA,True,False
Los Angeles County,0000198687,34.19801,-118.26102,10014009,6.0,1.0,USA,True,False
Colorado Springs,0000199310,38.83388,-104.82136,478961,18.0,1.0,USA,True,False
Colorado,0000199251,39.5500507,-105.7820674,5773714,7.0,1.0,USA,True,False
Pueblo,0000199479,38.25445,-104.60914,111876,14.0,1.0,USA,True,False
El Paso,0000201653,40.7392,-89.01646,681124,4.0,0.6287370558758621,USA,True,False
Teller County,0000199515,38.88217,-105.16183,24710,16.0,1.0,USA,True,False
Commerce City,0000199313,39.80832,-104.93387,53696,3.0,1.0,USA,True,False
Colorado,0000199251,39.5500507,-105.7820674,5773714,4.0,1.0,USA,True,False
Travis County,0000214865,30.33469,-97.78195,1290188,5.0,1.0,USA,True,False
Austin,0000197849,34.99842,-91.98376,550,4.0,0.2702702702702703,USA,True,False
Frankfort,0000201691,41.49587,-87.84866,2507,0.0,0.17064846416382248,USA,True,False
Kentucky,0000203439,37.8393332,-84.2700179,4505836,2.0,1.0,USA,True,False
Louisiana,0000203829,30.9842977,-91.9623327,1000000,0.0,0.5909090909090908,USA,True,False
Florida,0000199794,27.6648274,-81.5157535,1000000,7.0,0.5628344237673027,USA,True,False
Tallahassee,0000200517,30.43826,-84.28073,196169,1.0,1.0,USA,True,False
Brussels,0000216506,44.73611,-87.62093,1110,0.0,1.0,USA,True,False
New Britain,0000199627,41.66121,-72.77954,3017,2.0,0.5263157894736842,USA,True,False
New Britain,0000199627,41.66121,-72.77954,3017,0.0,0.5263157894736842,USA,True,False
Nebraska,0000207176,41.4925374,-99.9018131,1961504,2.0,1.0,USA,True,False
San Bernardino,0000198975,34.10834,-117.28977,222101,,,USA,True,False
Idaho,0000201299,44.0682019,-114.7420408,1839106,15.0,1.0,USA,True,False
Pocatello,0000201408,42.8713,-112.44553,56320,2.0,1.0,USA,True,False
Idaho Falls,0000201362,43.46658,-112.03414,64818,4.0,1.0,USA,True,False
Rexburg,0000201415,43.82602,-111.78969,39409,5.0,1.0,USA,True,False
Ririe,0000219145,43.63186,-111.77357,637,6.0,1.0,USA,True,False
Soda Springs,0000201425,42.65437,-111.60467,3133,8.0,1.0,USA,True,False
Sun Valley,0000197798,34.2542,-111.26125,1422,11.0,0.29154518950437314,USA,True,False
Island Park,0000208863,40.60427,-73.65541,4766,13.0,1.0,USA,True,False
Kilgore,0000214308,32.38626,-94.87577,14947,14.0,1.0,USA,True,False
Seminole County,0000200467,28.71698,-81.2363,0,3.0,0.3333333333333333,USA,True,False
Oregon,0000211241,43.8041334,-120.5542012,1000000,1.0,0.28077753779697623,USA,True,False
Nevada,0000207415,38.8026097,-116.419389,1000000,3.0,0.3403141361256544,USA,True,False
Washington,0000215793,47.7510741,-120.7401385,1000000,4.0,0.10478800580364345,USA,True,False
Kansas,0000203119,39.011902,-98.4842465,1000000,0.0,0.4318936877076412,USA,True,False
Colorado,0000199251,39.5500507,-105.7820674,5773714,11.0,1.0,USA,True,False
Denver,0000199328,39.73915,-104.9847,715522,10.0,0.2702702702702703,USA,True,False
Glenwood,0000197938,34.32677,-93.55074,2568,12.0,0.2702702702702703,USA,True,False
Aspen,0000199264,39.1911,-106.81754,7004,14.0,1.0,USA,True,False
Arizona,0000197610,34.0489281,-111.0937311,7151502,2.0,1.0,USA,True,False
Flagstaff,0000197678,35.19807,-111.65127,76831,1.0,1.0,USA,True,False
California,0000198127,36.778261,-119.4179324,1000000,3.0,0.3845039012357364,USA,True,False
Las Vegas,0000207452,36.17497,-115.13722,623747,4.0,0.578368999421631,USA,True,False
New Mexico,0000208239,34.5199402,-105.8700901,2117522,12.0,1.0,USA,True,False
Colorado,0000199251,39.5500507,-105.7820674,5773714,20.0,1.0,USA,True,False
Illinois,0000201442,40.6331249,-89.3985283,12812508,7.0,1.0,USA,True,False
Kansas,0000203119,39.011902,-98.4842465,1000000,13.0,0.4318936877076412,USA,True,False
Iowa,0000202733,41.8780025,-93.097702,1000000,14.0,0.5909090909090908,USA,True,False
Wisconsin,0000216445,43.7844397,-88.7878678,5893718,16.0,1.0,USA,True,False
Minnesota,0000205745,46.729553,-94.6858998,5706494,15.0,1.0,USA,True,False
Omaha,0000207333,41.25626,-95.94043,486051,17.0,1.0,USA,True,False
Milwaukee,0000216722,43.0389,-87.90647,577222,18.0,1.0,USA,True,False
Chicago,0000201570,41.85003,-87.65005,2746388,19.0,1.0,USA,True,False
Phoenix,0000197753,33.44838,-112.07404,4553,4.0,0.2702702702702703,USA,True,False
Buckeye,0000197629,33.37032,-112.58378,50876,1.0,1.0,USA,True,False
Peoria,0000197751,33.5806,-112.23738,190985,5.0,0.5263157894736842,USA,True,False
Glendale,0000197689,33.53865,-112.18599,881,6.0,0.12195121951219512,USA,True,False
Scottsdale,0000197781,33.50921,-111.89903,236839,7.0,1.0,USA,True,False
Maricopa County,0000197725,33.34883,-112.49123,4420568,8.0,1.0,USA,True,False
Arizona,0000197610,34.0489281,-111.0937311,7151502,9.0,1.0,USA,True,False
Yavapai County,0000197834,34.59988,-112.55387,236209,10.0,1.0,USA,True,False
Omaha,0000207333,41.25626,-95.94043,486051,2.0,1.0,USA,True,False
Sarpy County,0000207360,41.11293,-96.11199,190604,1.0,1.0,USA,True,False
Texas,0000213703,31.9685988,-99.9018131,29145505,,,USA,True,False
San Angelo,0000214718,31.46377,-100.43704,99893,,,USA,True,False
Lubbock,0000214411,33.57786,-101.85517,257141,,,USA,True,False
Midland,0000205541,43.61558,-84.24721,8962,,,USA,True,False
Del Rio,0000198380,37.74354,-121.01188,36153,,,USA,True,False
Alice,0000213714,27.75225,-98.06972,17891,,,USA,True,False
Kingsville,0000204638,39.44872,-76.41774,26225,,,USA,True,False
McAllen,0000214447,26.20341,-98.23001,140269,,,USA,True,False
Texas,0000213703,31.9685988,-99.9018131,29145505,11.0,1.0,USA,True,False
San Angelo,0000214718,31.46377,-100.43704,99893,1.0,1.0,USA,True,False
Lubbock,0000214411,33.57786,-101.85517,257141,2.0,1.0,USA,True,False
Midland,0000205541,43.61558,-84.24721,8962,3.0,0.23584905660377356,USA,True,False
Beaver County,0000210939,36.74971,-100.47678,0,7.0,0.3333333333333333,USA,True,False
Ochiltree County,0000214542,36.27841,-100.81565,10015,8.0,1.0,USA,True,False
Texas County,0000206961,37.31731,-91.96505,0,9.0,0.5,USA,True,False
Gray County,0000203227,37.7382,-100.43786,0,10.0,0.5,USA,True,False
New Britain,0000199627,41.66121,-72.77954,3017,0.0,0.5263157894736842,USA,True,False
Iowa,0000202733,41.8780025,-93.097702,1000000,0.0,0.5909090909090908,USA,True,False
Cedar Rapids,0000202790,42.00833,-91.64407,137710,3.0,1.0,USA,True,False
North Liberty,0000202580,41.53421,-86.42723,1919,4.0,0.5263157894736842,USA,True,False
Iowa City,0000202905,41.66113,-91.53017,74828,5.0,1.0,USA,True,False
Kansas City,0000203267,39.11417,-94.62746,475378,,,USA,True,False
Kansas,0000203119,39.011902,-98.4842465,1000000,,,USA,True,False
Shawnee,0000203392,39.04167,-94.72024,31286,,,USA,True,False
New Mexico,0000208239,34.5199402,-105.8700901,2117522,,,USA,True,False
Socorro County,0000208395,34.00724,-106.93033,16595,,,USA,True,False
Hawaii,0000201176,19.8967662,-155.5827818,1455271,,,USA,True,False
Ohio,0000210163,40.4172871,-82.907123,11799448,0.0,1.0,USA,True,False
Pennsylvania,0000211498,41.2033216,-77.1945247,13002700,1.0,1.0,USA,True,False
New York,0000208422,40.7127753,-74.0059728,20201249,2.0,1.0,USA,True,False
Florida,0000199794,27.6648274,-81.5157535,1000000,12.0,0.5628344237673027,USA,True,False
Tallahassee,0000200517,30.43826,-84.28073,196169,5.0,1.0,USA,True,False
Pittsburgh,0000212240,40.44062,-79.99589,302971,6.0,1.0,USA,True,False
Maine,0000204174,45.253783,-69.4454689,1000000,7.0,0.5909090909090908,USA,True,False
Oklahoma,0000210920,35.4675602,-97.5164276,1000000,9.0,0.4318936877076412,USA,True,False
Arkansas,0000197838,35.20105,-91.8318334,3011524,6.0,1.0,USA,True,False
Sheboygan,0000216846,43.75083,-87.71453,49929,1.0,1.0,USA,True,False
Madison,0000197357,34.69926,-86.74833,503,2.0,0.06134969325153373,USA,True,False
Milwaukee,0000216722,43.0389,-87.90647,577222,3.0,1.0,USA,True,False
La Jolla,0000198606,32.84727,-117.2742,502,,,USA,True,False
El Paso County,0000199343,38.83209,-104.52558,0,0.0,0.5,USA,True,False
El Paso,0000201653,40.7392,-89.01646,681124,1.0,0.6287370558758621,USA,True,False
Teller County,0000199515,38.88217,-105.16183,24710,2.0,1.0,USA,True,False
Pueblo County,0000199480,38.17342,-104.51285,168162,3.0,1.0,USA,True,False
Pueblo,0000199479,38.25445,-104.60914,111876,5.0,1.0,USA,True,False
Longmont,0000199433,40.16721,-105.10193,92088,0.0,1.0,USA,True,False
Westminster,0000199213,33.75918,-118.00673,116317,1.0,0.198019801980198,USA,True,False
Palos Verdes Estates,0000198856,33.80105,-118.39245,13682,,,USA,True,False
Maryland,0000204446,39.0457549,-76.6412712,6177224,,,USA,True,False
Dallas,0000200769,33.92371,-84.84077,15277,,,USA,True,False
Vineyard,0000199181,38.46449,-121.34692,24836,,,USA,True,False
California,0000198127,36.778261,-119.4179324,1000000,,,USA,True,False
Tucson,0000197815,32.22174,-110.92648,542629,,,USA,True,False
Santa Cruz County,0000197779,31.526,-110.84657,0,,,USA,True,False
Sacramento,0000198965,38.58157,-121.4944,524943,,,USA,True,False
Calaveras County,0000198262,38.20461,-120.55413,45292,,,USA,True,False
New York,0000208422,40.7127753,-74.0059728,20201249,,,USA,True,False
San Diego County,0000198982,33.0282,-116.77021,3298634,,,USA,True,False
Carlsbad,0000198282,33.15809,-117.35059,719,,,USA,True,False
Salinas,0000198969,36.67774,-121.6555,157380,,,USA,True,False
Santa Clara County,0000199014,37.23249,-121.69627,1936259,,,USA,True,False
College Park,0000200745,33.65344,-84.44937,32301,,,USA,True,False
Riverside,0000197430,33.60621,-86.20442,760,,,USA,True,False
San Bernardino,0000198975,34.10834,-117.28977,222101,,,USA,True,False
Los Angeles,0000198686,34.05223,-118.24368,3898747,,,USA,True,False
Ventura,0000199174,34.27834,-119.29317,110763,,,USA,True,False
Crook County,0000211292,44.14219,-120.35658,0,,,USA,True,False
Tulare County,0000199148,36.22016,-118.80047,473117,,,USA,True,False
Nevada,0000207415,38.8026097,-116.419389,1000000,,,USA,True,False
Utah,0000214983,39.3209801,-111.0937311,3271616,,,USA,True,False
Oregon,0000211241,43.8041334,-120.5542012,1000000,,,USA,True,False
San Diego,0000198980,32.71571,-117.16472,1394928,,,USA,True,False
Del Norte,0000199325,37.67889,-106.35337,1458,,,USA,True,False
Imperial County,0000198565,33.03951,-115.36532,179702,,,USA,True,False
Del Norte County,0000198377,41.74496,-123.95781,27743,,,USA,True,False
Shasta,0000199047,40.59932,-122.49196,1771,,,USA,True,False
Oroville,0000198843,39.51394,-121.55776,1677,,,USA,True,False
Chicago,0000201570,41.85003,-87.65005,2746388,1.0,1.0,USA,True,False
Sacramento,0000198965,38.58157,-121.4944,524943,8.0,1.0,USA,True,False
California,0000198127,36.778261,-119.4179324,1000000,1.0,0.3845039012357364,USA,True,False
Merced County,0000198737,37.19186,-120.71767,281202,3.0,1.0,USA,True,False
Shasta Lake,0000199049,40.68043,-122.37084,10159,4.0,1.0,USA,True,False
Oroville,0000198843,39.51394,-121.55776,1677,7.0,0.5263157894736842,USA,True,False
Reservoir,0000218707,40.40674,-78.38029,0,6.0,1.0,USA,True,False
San Joaquin,0000198988,36.60662,-120.18904,4022,9.0,1.0,USA,True,False
Burlington,0000199285,39.30611,-102.26936,8633,12.0,0.09174311926605501,USA,True,False
Iowa,0000202733,41.8780025,-93.097702,1000000,7.0,0.5909090909090908,USA,True,False
Illinois,0000201442,40.6331249,-89.3985283,12812508,9.0,1.0,USA,True,False
Wisconsin,0000216445,43.7844397,-88.7878678,5893718,6.0,1.0,USA,True,False
Davenport,0000199956,28.1614,-81.60174,1672,,,USA,True,False
Sacramento County,0000198966,38.44932,-121.34424,1585055,,,USA,True,False
San Bernardino,0000198975,34.10834,-117.28977,222101,,,USA,True,False
Wellington,0000131545,-41.28664,174.77557,418500,,,NZL,True,False
Mount Calvary,0000218839,43.82638,-88.24621,746,1.0,1.0,USA,True,False
Texas,0000213703,31.9685988,-99.9018131,29145505,0.0,1.0,USA,True,False
Austin,0000197849,34.99842,-91.98376,550,4.0,0.2702702702702703,USA,True,False
Travis County,0000214865,30.33469,-97.78195,1290188,5.0,1.0,USA,True,False
Oklahoma City,0000211140,35.46756,-97.51643,681054,0.0,1.0,USA,True,False
North Dakota,0000210028,47.5514926,-101.0020119,779094,2.0,1.0,USA,True,False
Virginia,0000215288,37.4315734,-78.6568942,1000000,,,USA,True,False
Missouri,0000206502,37.9642529,-91.8318334,6154913,11.0,1.0,USA,True,False
Pleasant Hill,0000198892,37.94798,-122.0608,34810,1.0,0.18181818181818182,USA,True,False
Grundy,0000215522,37.27789,-82.09902,875,3.0,1.0,USA,True,False
Putnam,0000199667,41.9151,-71.90896,7214,4.0,1.0,USA,True,False
Schuyler,0000207362,41.44723,-97.05948,6547,5.0,1.0,USA,True,False
Atchison,0000203130,39.56305,-95.12164,10885,6.0,1.0,USA,True,False
Gentry,0000197936,36.26758,-94.48466,3397,7.0,1.0,USA,True,False
Mercer,0000212076,41.227,-80.23979,2002,8.0,1.0,USA,True,False
Nodaway County,0000206826,40.36077,-94.88343,21241,9.0,1.0,USA,True,False
Worth,0000202293,41.68975,-87.79728,10784,10.0,1.0,USA,True,False
Clay,0000197205,33.7026,-86.59971,1195,12.0,0.2173913043478261,USA,True,False
Jackson,0000197326,31.50905,-87.89444,10523,13.0,0.0689655172413793,USA,True,False
Lafayette,0000197335,32.89985,-85.40106,3969,14.0,0.15625,USA,True,False
Linn,0000206767,38.48587,-91.85045,1350,15.0,1.0,USA,True,False
Livingston,0000197351,32.5843,-88.18725,7302,16.0,0.15624999999999997,USA,True,False
Macon,0000200949,32.84069,-83.6324,2616,17.0,0.29154518950437314,USA,True,False
Platte,0000213276,43.38694,-98.84453,1266,18.0,1.0,USA,True,False
Randolph,0000204369,44.23035,-69.76671,25734,19.0,0.15625,USA,True,False
Saline,0000205653,42.16671,-83.78161,9100,20.0,1.0,USA,True,False
Estill County,0000203550,37.69248,-83.96433,14163,,,USA,True,False
Irvine,0000198574,33.66946,-117.82311,256927,0.0,0.5524861878453039,USA,True,False
Estill County,0000203550,37.69248,-83.96433,14163,2.0,1.0,USA,True,False
Ravenna,0000205620,43.18947,-85.93699,11619,3.0,0.35714285714285715,USA,True,False
Williston,0000200616,29.38747,-82.44677,26977,4.0,0.2702702702702703,USA,True,False
North Dakota,0000210028,47.5514926,-101.0020119,779094,5.0,1.0,USA,True,False
Oklahoma City,0000211140,35.46756,-97.51643,681054,6.0,1.0,USA,True,False
West Virginia,0000216227,38.5976262,-80.4549026,1793716,,,USA,True,False
South Carolina,0000212864,33.836081,-81.1637245,5118425,0.0,1.0,USA,True,False
Florida,0000199794,27.6648274,-81.5157535,1000000,2.0,0.5628344237673027,USA,True,False
Moscow,0000201390,46.73239,-117.00017,25060,10.0,0.5263157894736842,USA,True,False
Washington,0000215793,47.7510741,-120.7401385,1000000,13.0,0.10478800580364345,USA,True,False
California,0000198127,36.778261,-119.4179324,1000000,14.0,0.3845039012357364,USA,True,False
Michigan,0000205217,44.3148443,-85.6023643,10077331,18.0,1.0,USA,True,False
Longmont,0000199433,40.16721,-105.10193,92088,2.0,1.0,USA,True,False
Westminster,0000199213,33.75918,-118.00673,116317,3.0,0.198019801980198,USA,True,False
Boulder,0000199277,40.01499,-105.27055,1207,7.0,0.5263157894736842,USA,True,False
Denver,0000199328,39.73915,-104.9847,715522,6.0,0.2702702702702703,USA,True,False
Arizona,0000197610,34.0489281,-111.0937311,7151502,5.0,1.0,USA,True,False
New Mexico,0000208239,34.5199402,-105.8700901,2117522,8.0,1.0,USA,True,False
California,0000198127,36.778261,-119.4179324,1000000,6.0,0.3845039012357364,USA,True,False
Albuquerque,0000208243,35.08449,-106.65114,564559,9.0,1.0,USA,True,False
Reno,0000207472,39.52963,-119.8138,241445,10.0,0.35714285714285715,USA,True,False
Sedona,0000197782,34.86974,-111.76099,10388,2.0,1.0,USA,True,False
Phoenix,0000197753,33.44838,-112.07404,4553,8.0,0.2702702702702703,USA,True,False
Scottsdale,0000197781,33.50921,-111.89903,236839,3.0,1.0,USA,True,False
Fountain Hills,0000197683,33.61171,-111.71736,23899,4.0,1.0,USA,True,False
Kansas,0000203119,39.011902,-98.4842465,1000000,0.0,0.4318936877076412,USA,True,False
Colorado,0000199251,39.5500507,-105.7820674,5773714,1.0,1.0,USA,True,False
Denver,0000199328,39.73915,-104.9847,715522,2.0,0.2702702702702703,USA,True,False
Colorado,0000199251,39.5500507,-105.7820674,5773714,0.0,1.0,USA,True,False
Indiana,0000202298,40.2671941,-86.1349019,1000000,,,USA,True,False
Grand Forks,0000210076,47.92526,-97.03285,59166,,,USA,True,False
Michigan,0000205217,44.3148443,-85.6023643,10077331,3.0,1.0,USA,True,False
Grand Rapids,0000205403,42.96336,-85.66809,999,6.0,0.5263157894736842,USA,True,False
Holland,0000204963,42.06398,-72.1573,610,5.0,0.2173913043478261,USA,True,False
Phoenix,0000197753,33.44838,-112.07404,4553,9.0,0.2702702702702703,USA,True,False
Arizona,0000197610,34.0489281,-111.0937311,7151502,6.0,1.0,USA,True,False
Safford,0000197769,32.83395,-109.70758,10129,2.0,1.0,USA,True,False
Arizona,0000197610,34.0489281,-111.0937311,7151502,5.0,1.0,USA,True,False
Colorado,0000199251,39.5500507,-105.7820674,5773714,,,USA,True,False
New Mexico,0000208239,34.5199402,-105.8700901,2117522,1.0,1.0,USA,True,False
Utah,0000214983,39.3209801,-111.0937311,3271616,12.0,1.0,USA,True,False
Kansas,0000203119,39.011902,-98.4842465,1000000,,,USA,True,False
Montana,0000207013,46.8796822,-110.3625658,1084225,,,USA,True,False
Idaho,0000201299,44.0682019,-114.7420408,1839106,,,USA,True,False
Wyoming,0000216938,43.0759678,-107.2902839,1000000,,,USA,True,False
Albuquerque,0000208243,35.08449,-106.65114,564559,3.0,1.0,USA,True,False
Salt Lake City,0000215133,40.76078,-111.89105,199723,0.0,1.0,USA,True,False
Washington County,0000197498,31.4076,-88.20788,0,14.0,0.05,USA,True,False
Alabama,0000197134,32.3182314,-86.902298,1000000,4.0,0.5909090909090908,USA,True,False
Texas,0000213703,31.9685988,-99.9018131,29145505,,,USA,True,False
Manchester,0000199615,41.77593,-72.52148,5413,21.0,0.0735294117647059,USA,True,False
London,0000198003,35.32897,-93.25296,1869,1.0,0.2702702702702703,USA,True,False
Man,0000217989,37.73983,-81.87762,704,7.0,1.0,USA,True,False
Tucson,0000197815,32.22174,-110.92648,542629,1.0,1.0,USA,True,False
Arizona,0000197610,34.0489281,-111.0937311,7151502,3.0,1.0,USA,True,False
Lafayette,0000197335,32.89985,-85.40106,3969,4.0,0.15625,USA,True,False
Louisiana,0000203829,30.9842977,-91.9623327,1000000,5.0,1.0,USA,True,True
Austin,0000197849,34.99842,-91.98376,550,5.0,0.2702702702702703,USA,True,False
Texas,0000213703,31.9685988,-99.9018131,29145505,6.0,1.0,USA,True,False
San Luis Obispo,0000198996,35.28275,-120.65962,47063,0.0,1.0,USA,True,False
Alexandria,0000197140,33.77399,-85.88552,623,,,USA,True,False
Morris,0000197383,33.74816,-86.8086,564,,,USA,True,False
Glenwood,0000197938,34.32677,-93.55074,2568,,,USA,True,False
Madison,0000197357,34.69926,-86.74833,503,,,USA,True,False
Montevideo,0000206006,44.94803,-95.71701,5398,,,USA,True,False
Wyoming,0000216938,43.0759678,-107.2902839,1000000,3.0,0.2258905299739357,USA,True,False
Riverton,0000202092,39.84422,-89.53954,10873,1.0,0.2553626149131767,USA,True,False
Fremont County,0000199364,38.47297,-105.43966,0,2.0,0.25,USA,True,False
Chicago,0000201570,41.85003,-87.65005,2746388,0.0,1.0,USA,True,False
DuPage County,0000201633,41.85195,-88.08567,932877,1.0,1.0,USA,True,False
Kendall,0000200151,25.67927,-80.31727,80241,2.0,1.0,USA,True,False
Richmond,0000198934,37.93576,-122.34775,2580,1.0,0.14992503748125938,USA,True,False
Hills,0000218055,41.55419,-91.53489,822,3.0,1.0,USA,True,False
Yorkshire,0000209468,42.53006,-78.4728,1180,11.0,0.5263157894736842,USA,True,False
Perth,0000209145,43.01757,-74.19402,3646,13.0,1.0,USA,True,False
Richmond,0000198934,37.93576,-122.34775,2580,1.0,0.14992503748125938,USA,True,False
Hills,0000218055,41.55419,-91.53489,822,3.0,1.0,USA,True,False
Yorkshire,0000209468,42.53006,-78.4728,1180,11.0,0.5263157894736842,USA,True,False
Perth,0000209145,43.01757,-74.19402,3646,13.0,1.0,USA,True,False
Iowa,0000202733,41.8780025,-93.097702,1000000,2.0,0.5909090909090908,USA,True,False
Dubuque,0000202837,42.50056,-90.66457,59667,1.0,1.0,USA,True,False
Dublin,0000198402,37.70215,-121.93579,57721,2.0,0.15625,USA,True,False
Damascus,0000204539,39.28844,-77.20387,10952,8.0,0.5263157894736842,USA,True,False
Brussels,0000216506,44.73611,-87.62093,1110,11.0,1.0,USA,True,False
Manchester,0000199615,41.77593,-72.52148,5413,13.0,0.0735294117647059,USA,True,False
Omaha,0000207333,41.25626,-95.94043,486051,6.0,1.0,USA,True,False
Las Vegas,0000207452,36.17497,-115.13722,623747,0.0,0.578368999421631,USA,True,False
Atlanta,0000200658,33.749,-84.38798,827,8.0,0.2702702702702703,USA,True,False
Mississippi,0000206206,32.3546679,-89.3985283,2961279,5.0,1.0,USA,True,False
Alabama,0000197134,32.3182314,-86.902298,1000000,6.0,0.5909090909090908,USA,True,False
Georgia,0000200640,32.1656221,-82.9000751,10711908,7.0,1.0,USA,True,False
Peach Lake,0000209138,41.36759,-73.5779,1629,10.0,1.0,USA,True,False
Colorado,0000199251,39.5500507,-105.7820674,5773714,,,USA,True,False
Mississippi,0000206206,32.3546679,-89.3985283,2961279,,,USA,True,False
Alabama,0000197134,32.3182314,-86.902298,1000000,,,USA,True,False
Tennessee,0000213316,35.5174913,-86.5804473,6910840,,,USA,True,False
Atlanta,0000200658,33.749,-84.38798,827,,,USA,True,False
Louisiana,0000203829,30.9842977,-91.9623327,1000000,,,USA,True,False
Kentucky,0000203439,37.8393332,-84.2700179,4505836,,,USA,True,False
Florida,0000199794,27.6648274,-81.5157535,1000000,,,USA,True,False
Augusta,0000197848,35.28231,-91.36541,1532,,,USA,True,False
Pensacola,0000200375,30.42131,-87.21691,54312,,,USA,True,False
Worcester,0000194234,52.18935,-2.22001,101659,,,GBR,True,False
Northern Ireland,0000194362,54.7877149,-6.4923145,1852168,,,GBR,True,False
Scotland,0000194507,56.4906712,-4.2026458,5404700,,,GBR,True,False
Wales,0000195069,52.1306607,-3.7837117,1000000,,,GBR,True,False
Worcestershire,0000195383,52.2545225,-2.2668382,1000000,,,GBR,True,False
Bewdley,0000191574,52.3757,-2.31833,8571,,,GBR,True,False
Washington,0000215793,47.7510741,-120.7401385,1000000,6.0,0.10478800580364345,USA,True,False
Florida,0000199794,27.6648274,-81.5157535,1000000,1.0,0.5628344237673027,USA,True,False
Detroit,0000205341,42.33143,-83.04575,639111,16.0,1.0,USA,True,False
Nashville,0000198041,33.94567,-93.84713,1037,12.0,0.136986301369863,USA,True,False
Boston,0000200687,30.79186,-83.78989,545,9.0,0.3571428571428572,USA,True,False
New Jersey,0000207685,40.0583238,-74.4056612,9288994,20.0,1.0,USA,True,False
Columbus,0000200749,32.46098,-84.98771,4007,25.0,0.09174311926605502,USA,True,False
Ohio,0000210163,40.4172871,-82.907123,11799448,22.0,1.0,USA,True,False
Montreal,0000218838,46.428,-90.24601,783,27.0,1.0,USA,True,False
Las Vegas,0000207452,36.17497,-115.13722,623747,28.0,0.578368999421631,USA,True,False
San Jose,0000198991,37.33939,-121.89496,1013240,30.0,1.0,USA,True,False
Seattle,0000216124,47.60621,-122.33207,737015,37.0,1.0,USA,True,False
Philadelphia,0000206411,32.77152,-89.11673,1223,38.0,0.35714285714285715,USA,True,False
Missouri,0000206502,37.9642529,-91.8318334,6154913,14.0,1.0,USA,True,False
Kansas,0000203119,39.011902,-98.4842465,1000000,13.0,0.4318936877076412,USA,True,False
Nebraska,0000207176,41.4925374,-99.9018131,1961504,3.0,1.0,USA,True,False
Iowa,0000202733,41.8780025,-93.097702,1000000,3.0,0.5909090909090908,USA,True,False
Wisconsin,0000216445,43.7844397,-88.7878678,5893718,11.0,1.0,USA,True,False
Michigan,0000205217,44.3148443,-85.6023643,10077331,12.0,1.0,USA,True,False
Buchanan County,0000202774,42.47078,-91.83784,0,0.0,0.3333333333333333,USA,True,False
Russell County,0000197436,32.28838,-85.18496,0,1.0,0.25,USA,True,False
Lee County,0000197342,32.60114,-85.35556,0,2.0,0.08333333333333333,USA,True,False
Milwaukee,0000216722,43.0389,-87.90647,577222,0.0,1.0,USA,True,False
Salem,0000198081,34.62898,-92.55822,164549,0.0,0.08378718056137412,USA,True,False
Jefferson,0000200901,34.11705,-83.57239,3247,12.0,0.09174311926605502,USA,True,False
Deschutes County,0000211300,43.91488,-121.22789,198253,15.0,1.0,USA,True,False
Crook County,0000211292,44.14219,-120.35658,0,6.0,0.5,USA,True,False
Jefferson County,0000197330,33.55431,-86.89649,0,9.0,0.05,USA,True,False
Oregon,0000211241,43.8041334,-120.5542012,1000000,13.0,0.28077753779697623,USA,True,False
Delaware County,0000202392,40.22753,-85.3969,0,,,USA,True,False
Texas,0000213703,31.9685988,-99.9018131,29145505,9.0,1.0,USA,True,False
Austin,0000197849,34.99842,-91.98376,550,10.0,0.2702702702702703,USA,True,False
Washington,0000215793,47.7510741,-120.7401385,1000000,8.0,0.10478800580364345,USA,True,False
Florida,0000199794,27.6648274,-81.5157535,1000000,2.0,0.5628344237673027,USA,True,False
Detroit,0000205341,42.33143,-83.04575,639111,7.0,1.0,USA,True,False
New York,0000208422,40.7127753,-74.0059728,20201249,10.0,1.0,USA,True,False
Raleigh,0000206426,32.03349,-89.52229,451066,11.0,0.5524861878453039,USA,True,False
Hawaii,0000201176,19.8967662,-155.5827818,1455271,0.0,1.0,USA,True,False
Kauai County,0000201230,22.01108,-159.70544,73298,6.0,1.0,USA,True,False
Hilo,0000201206,19.72991,-155.09073,44186,8.0,1.0,USA,True,False
California,0000198127,36.778261,-119.4179324,1000000,,,USA,True,False
Mississippi,0000206206,32.3546679,-89.3985283,2961279,,,USA,True,False
Arkansas,0000197838,35.20105,-91.8318334,3011524,,,USA,True,False
Louisiana,0000203829,30.9842977,-91.9623327,1000000,,,USA,True,False
Little Rock,0000198000,34.74648,-92.28959,1208,,,USA,True,False
Illinois,0000201442,40.6331249,-89.3985283,12812508,,,USA,True,False
Kentucky,0000203439,37.8393332,-84.2700179,4505836,,,USA,True,False
Missouri,0000206502,37.9642529,-91.8318334,6154913,,,USA,True,False
Hattiesburg,0000206305,31.32712,-89.29034,48730,,,USA,True,False
Searcy County,0000198085,35.9109,-92.69949,7828,,,USA,True,False
West Memphis,0000198118,35.14648,-90.18454,25052,,,USA,True,False
Nashville,0000198041,33.94567,-93.84713,1037,,,USA,True,False
Arkansas,0000197838,35.20105,-91.8318334,3011524,4.0,1.0,USA,True,False
Texas,0000213703,31.9685988,-99.9018131,29145505,2.0,1.0,USA,True,False
Oklahoma,0000210920,35.4675602,-97.5164276,1000000,3.0,0.4318936877076412,USA,True,False
Little Rock,0000198000,34.74648,-92.28959,1208,6.0,0.5263157894736842,USA,True,False
Alpine County,0000198146,38.59725,-119.82065,1204,,,USA,True,False
Chicago,0000201570,41.85003,-87.65005,2746388,0.0,1.0,USA,True,False
Illinois,0000201442,40.6331249,-89.3985283,12812508,16.0,1.0,USA,True,False
McHenry,0000201926,42.33335,-88.26675,26657,18.0,1.0,USA,True,False
McHenry County,0000201927,42.32439,-88.45245,0,3.0,0.5,USA,True,False
Lake County,0000198627,39.09965,-122.75318,0,4.0,0.08333333333333333,USA,True,False
DeKalb,0000201618,41.92947,-88.75036,43211,20.0,1.0,USA,True,False
Kane,0000211960,41.66284,-78.81114,3610,7.0,1.0,USA,True,False
Kendall,0000200151,25.67927,-80.31727,80241,9.0,1.0,USA,True,False
DuPage County,0000201633,41.85195,-88.08567,932877,19.0,1.0,USA,True,False
Kankakee County,0000201820,41.1377,-87.8618,107502,12.0,1.0,USA,True,False
Porter County,0000202616,41.50884,-87.07332,173215,14.0,1.0,USA,True,False
Indiana,0000202298,40.2671941,-86.1349019,1000000,15.0,0.5909090909090908,USA,True,False
Wisconsin,0000216445,43.7844397,-88.7878678,5893718,17.0,1.0,USA,True,False
Chicago,0000201570,41.85003,-87.65005,2746388,2.0,1.0,USA,True,False
McHenry,0000201926,42.33335,-88.26675,26657,3.0,1.0,USA,True,False
Romeoville,0000202108,41.64753,-88.08951,39719,4.0,1.0,USA,True,False
Milwaukee,0000216722,43.0389,-87.90647,577222,2.0,1.0,USA,True,False
Wisconsin,0000216445,43.7844397,-88.7878678,5893718,3.0,1.0,USA,True,False
Oklahoma,0000210920,35.4675602,-97.5164276,1000000,1.0,0.4318936877076412,USA,True,False
Wellington,0000199530,40.70387,-105.00859,7807,,,USA,True,False
Austin,0000197849,34.99842,-91.98376,550,3.0,0.2702702702702703,USA,True,False
San Diego,0000198980,32.71571,-117.16472,1394928,1.0,0.6764541006613759,USA,True,False
California,0000198127,36.778261,-119.4179324,1000000,3.0,0.3845039012357364,USA,True,False
Texas,0000213703,31.9685988,-99.9018131,29145505,3.0,1.0,USA,True,False
Minnesota,0000205745,46.729553,-94.6858998,5706494,5.0,1.0,USA,True,False
Dallas,0000200769,33.92371,-84.84077,15277,0.0,0.23584905660377356,USA,True,False
Jamestown,0000198579,37.95326,-120.4227,3433,0.0,0.16385384237260361,USA,True,False
Manchester,0000199615,41.77593,-72.52148,5413,1.0,0.0735294117647059,USA,True,False
Yorkshire,0000209468,42.53006,-78.4728,1180,3.0,0.5263157894736842,USA,True,False
Wichita,0000203432,37.69224,-97.33754,397532,,,USA,True,False
Colorado,0000199251,39.5500507,-105.7820674,5773714,,,USA,True,False
Alabama,0000197134,32.3182314,-86.902298,1000000,,,USA,True,False
New Mexico,0000208239,34.5199402,-105.8700901,2117522,,,USA,True,False
Illinois,0000201442,40.6331249,-89.3985283,12812508,,,USA,True,False
Arizona,0000197610,34.0489281,-111.0937311,7151502,,,USA,True,False
Utah,0000214983,39.3209801,-111.0937311,3271616,,,USA,True,False
Kansas,0000203119,39.011902,-98.4842465,1000000,,,USA,True,False
Montana,0000207013,46.8796822,-110.3625658,1084225,,,USA,True,False
Idaho,0000201299,44.0682019,-114.7420408,1839106,,,USA,True,False
Wyoming,0000216938,43.0759678,-107.2902839,1000000,,,USA,True,False
Albuquerque,0000208243,35.08449,-106.65114,564559,,,USA,True,False
Colorado,0000199251,39.5500507,-105.7820674,5773714,27.0,1.0,USA,True,False
Alabama,0000197134,32.3182314,-86.902298,1000000,39.0,0.5909090909090908,USA,True,False
Kentucky,0000203439,37.8393332,-84.2700179,4505836,10.0,1.0,USA,True,False
Tennessee,0000213316,35.5174913,-86.5804473,6910840,37.0,1.0,USA,True,False
Memphis,0000200255,27.53587,-82.56121,2138,5.0,0.2173913043478261,USA,True,False
Little Rock,0000198000,34.74648,-92.28959,1208,7.0,0.5263157894736842,USA,True,False
Arkansas,0000197838,35.20105,-91.8318334,3011524,33.0,1.0,USA,True,False
Paducah,0000203730,37.08339,-88.60005,1122,9.0,0.5263157894736842,USA,True,False
New Mexico,0000208239,34.5199402,-105.8700901,2117522,11.0,1.0,USA,True,False
Illinois,0000201442,40.6331249,-89.3985283,12812508,12.0,1.0,USA,True,False
Ohio,0000210163,40.4172871,-82.907123,11799448,16.0,1.0,USA,True,False
Texas,0000213703,31.9685988,-99.9018131,29145505,20.0,1.0,USA,True,False
Mississippi,0000206206,32.3546679,-89.3985283,2961279,38.0,1.0,USA,True,False
Oklahoma,0000210920,35.4675602,-97.5164276,1000000,26.0,0.4318936877076412,USA,True,False
Kansas,0000203119,39.011902,-98.4842465,1000000,29.0,0.4318936877076412,USA,True,False
Nebraska,0000207176,41.4925374,-99.9018131,1961504,30.0,1.0,USA,True,False
Michigan,0000205217,44.3148443,-85.6023643,10077331,28.0,1.0,USA,True,False
Chicago,0000201570,41.85003,-87.65005,2746388,31.0,1.0,USA,True,False
Denver,0000199328,39.73915,-104.9847,715522,32.0,0.2702702702702703,USA,True,False
Gibson County,0000202440,38.31183,-87.58459,0,36.0,0.5,USA,True,False
California,0000198127,36.778261,-119.4179324,1000000,6.0,0.3845039012357364,USA,True,False
Capitan,0000208261,33.54536,-105.5722,1392,2.0,1.0,USA,True,False
Fresno,0000198485,36.74773,-119.77237,520052,7.0,0.5524861878453039,USA,True,False
Louisville,0000199434,39.97776,-105.13193,20396,,,USA,True,False
Lexington,0000200927,33.86984,-83.11182,4731,,,USA,True,False
Shelbyville,0000202146,39.40643,-88.79007,21317,,,USA,True,False
Frankfort,0000201691,41.49587,-87.84866,2507,,,USA,True,False
Elizabethtown,0000201657,37.44588,-88.30504,11586,,,USA,True,False
Louisville,0000199434,39.97776,-105.13193,20396,10.0,0.136986301369863,USA,True,False
Kentucky,0000203439,37.8393332,-84.2700179,4505836,11.0,1.0,USA,True,False
Lexington,0000200927,33.86984,-83.11182,4731,3.0,0.0689655172413793,USA,True,False
Shelbyville,0000202146,39.40643,-88.79007,21317,4.0,0.2173913043478261,USA,True,False
Frankfort,0000201691,41.49587,-87.84866,2507,5.0,0.17064846416382248,USA,True,False
Elizabethtown,0000201657,37.44588,-88.30504,11586,6.0,0.2173913043478261,USA,True,False
Jeffersonville,0000200903,32.68765,-83.34656,753,7.0,0.2702702702702703,USA,True,False
New Albany,0000202565,38.28562,-85.82413,9879,8.0,0.35714285714285715,USA,True,False
California,0000198127,36.778261,-119.4179324,1000000,1.0,0.3845039012357364,USA,True,False
Texas,0000213703,31.9685988,-99.9018131,29145505,8.0,1.0,USA,True,False
California,0000198127,36.778261,-119.4179324,1000000,9.0,0.3845039012357364,USA,True,False
California,0000198127,36.778261,-119.4179324,1000000,5.0,0.3845039012357364,USA,True,False
Fresno,0000198485,36.74773,-119.77237,520052,4.0,0.5524861878453039,USA,True,False
Ogden,0000202997,42.03915,-94.02773,85444,6.0,0.2702702702702703,USA,True,False
Wellington,0000199530,40.70387,-105.00859,7807,3.0,0.19801980198019806,USA,True,False
Utah,0000214983,39.3209801,-111.0937311,3271616,7.0,1.0,USA,True,False
Oregon,0000211241,43.8041334,-120.5542012,1000000,0.0,0.28077753779697623,USA,True,False
Jefferson,0000200901,34.11705,-83.57239,3247,1.0,0.09174311926605502,USA,True,False
Crook County,0000211292,44.14219,-120.35658,0,5.0,0.5,USA,True,False
Jefferson County,0000197330,33.55431,-86.89649,0,6.0,0.05,USA,True,False
Nevada,0000207415,38.8026097,-116.419389,1000000,5.0,0.3403141361256544,USA,True,False
Utah,0000214983,39.3209801,-111.0937311,3271616,1.0,1.0,USA,True,False
Colorado,0000199251,39.5500507,-105.7820674,5773714,2.0,1.0,USA,True,False
Wyoming,0000216938,43.0759678,-107.2902839,1000000,3.0,0.2258905299739357,USA,True,False
Kentucky,0000203439,37.8393332,-84.2700179,4505836,1.0,1.0,USA,True,False
Alabama,0000197134,32.3182314,-86.902298,1000000,2.0,0.5909090909090908,USA,True,False
Tennessee,0000213316,35.5174913,-86.5804473,6910840,9.0,1.0,USA,True,False
Memphis,0000200255,27.53587,-82.56121,2138,4.0,0.2173913043478261,USA,True,False
Little Rock,0000198000,34.74648,-92.28959,1208,5.0,0.5263157894736842,USA,True,False
Paducah,0000203730,37.08339,-88.60005,1122,6.0,0.5263157894736842,USA,True,False
Mississippi,0000206206,32.3546679,-89.3985283,2961279,7.0,1.0,USA,True,False
Arkansas,0000197838,35.20105,-91.8318334,3011524,8.0,1.0,USA,True,False
New Mexico,0000208239,34.5199402,-105.8700901,2117522,10.0,1.0,USA,True,False
Illinois,0000201442,40.6331249,-89.3985283,12812508,11.0,1.0,USA,True,False
Oklahoma,0000210920,35.4675602,-97.5164276,1000000,12.0,0.4318936877076412,USA,True,False
Kansas,0000203119,39.011902,-98.4842465,1000000,13.0,0.4318936877076412,USA,True,False
Nebraska,0000207176,41.4925374,-99.9018131,1961504,14.0,1.0,USA,True,False
Colorado,0000199251,39.5500507,-105.7820674,5773714,15.0,1.0,USA,True,False
Michigan,0000205217,44.3148443,-85.6023643,10077331,21.0,1.0,USA,True,False
Denver,0000199328,39.73915,-104.9847,715522,17.0,0.2702702702702703,USA,True,False
Chicago,0000201570,41.85003,-87.65005,2746388,18.0,1.0,USA,True,False
Chesterfield,0000202357,40.11254,-85.59692,3773,20.0,0.21739130434782605,USA,True,False
Texas,0000213703,31.9685988,-99.9018131,29145505,22.0,1.0,USA,True,False
West Virginia,0000216227,38.5976262,-80.4549026,1793716,,,USA,True,False
Mingo County,0000216343,37.7264,-82.13476,23568,,,USA,True,False
Salt Lake City,0000215133,40.76078,-111.89105,199723,3.0,1.0,USA,True,False
Racine,0000216805,42.72613,-87.78285,77816,,,USA,True,False
Racine County,0000216806,42.72987,-87.81235,197727,,,USA,True,False
Texas,0000213703,31.9685988,-99.9018131,29145505,0.0,1.0,USA,True,False
Pflugerville,0000214598,30.43937,-97.62,57122,2.0,1.0,USA,True,False
Washington,0000215793,47.7510741,-120.7401385,1000000,15.0,0.10478800580364345,USA,True,False
New York,0000208422,40.7127753,-74.0059728,20201249,57.0,1.0,USA,True,False
